{"cameraMode":{"drawMode":0,"name":"Shaded","section":"Shading Mode"},"sceneLighting":true,"audioPlay":false,"sceneViewState":{"showFog":true,"showMaterialUpdate":false,"showSkybox":true,"showFlares":true,"showImageEffects":true,"showParticleSystems":true},"in2DMode":false,"pivot":{"x":14.788783073425293,"y":0.9666438102722168,"z":-10.423730850219727},"rotation":{"x":-0.3531472384929657,"y":-0.3587978184223175,"z":0.14891502261161805,"w":-0.8511398434638977},"size":6.682229042053223,"orthographic":false}