{"cameraMode":{"drawMode":0,"name":"Shaded","section":"Shading Mode"},"sceneLighting":false,"audioPlay":false,"sceneViewState":{"showFog":true,"showMaterialUpdate":false,"showSkybox":false,"showFlares":true,"showImageEffects":true,"showParticleSystems":true},"in2DMode":false,"pivot":{"x":0.056034862995147708,"y":-3.1091363430023195,"z":1.1649973392486573},"rotation":{"x":0.23350930213928224,"y":-0.5002555251121521,"z":0.13874980807304383,"w":0.8232930302619934},"size":10.787887573242188,"orthographic":false}