{"cameraMode":{"drawMode":0,"name":"Shaded","section":"Shading Mode"},"sceneLighting":true,"audioPlay":false,"sceneViewState":{"showFog":true,"showMaterialUpdate":false,"showSkybox":true,"showFlares":true,"showImageEffects":true,"showParticleSystems":true},"in2DMode":false,"pivot":{"x":1.2068233489990235,"y":2.4885129928588869,"z":-0.2333815097808838},"rotation":{"x":0.35421228408813479,"y":0.5314621925354004,"z":-0.25985997915267947,"w":0.7243204116821289},"size":13.882140159606934,"orthographic":false}