{"cameraMode":{"drawMode":0,"name":"Shaded","section":"Shading Mode"},"sceneLighting":false,"audioPlay":false,"sceneViewState":{"showFog":true,"showMaterialUpdate":false,"showSkybox":false,"showFlares":true,"showImageEffects":true,"showParticleSystems":true},"in2DMode":false,"pivot":{"x":-0.42042192816734316,"y":0.7031363844871521,"z":-0.015034783631563187},"rotation":{"x":0.13915130496025086,"y":0.5966552495956421,"z":-0.10597213357686997,"w":0.7832291722297669},"size":3.5572328567504885,"orthographic":false}