{"cameraMode":{"drawMode":0,"name":"Shaded","section":"Shading Mode"},"sceneLighting":false,"audioPlay":false,"sceneViewState":{"showFog":true,"showMaterialUpdate":false,"showSkybox":false,"showFlares":true,"showImageEffects":true,"showParticleSystems":true},"in2DMode":false,"pivot":{"x":-7.004871368408203,"y":0.8704433441162109,"z":0.34410011768341067},"rotation":{"x":-0.23796682059764863,"y":-0.21156495809555055,"z":0.05316723883152008,"w":-0.9464938640594482},"size":1.1155271530151368,"orthographic":false}