{"cameraMode":{"drawMode":0,"name":"Shaded","section":"Shading Mode"},"sceneLighting":true,"audioPlay":false,"sceneViewState":{"showFog":true,"showMaterialUpdate":false,"showSkybox":true,"showFlares":true,"showImageEffects":true,"showParticleSystems":true},"in2DMode":false,"pivot":{"x":-32.54918670654297,"y":-46.381378173828128,"z":23.632373809814454},"rotation":{"x":0.31113970279693606,"y":-0.4370170533657074,"z":0.16043396294116975,"w":0.8295900821685791},"size":91.55989074707031,"orthographic":false}