{"cameraMode":{"drawMode":0,"name":"Shaded","section":"Shading Mode"},"sceneLighting":false,"audioPlay":false,"sceneViewState":{"showFog":true,"showMaterialUpdate":false,"showSkybox":false,"showFlares":true,"showImageEffects":true,"showParticleSystems":true},"in2DMode":false,"pivot":{"x":-10.656601905822754,"y":2.1822023391723635,"z":2.3745498657226564},"rotation":{"x":0.3859509229660034,"y":-0.08010402321815491,"z":0.033677682280540469,"w":0.918466329574585},"size":5.648959636688232,"orthographic":false}