{"cameraMode":{"drawMode":0,"name":"Shaded","section":"Shading Mode"},"sceneLighting":false,"audioPlay":false,"sceneViewState":{"showFog":true,"showMaterialUpdate":false,"showSkybox":false,"showFlares":true,"showImageEffects":true,"showParticleSystems":true},"in2DMode":false,"pivot":{"x":-7.869999885559082,"y":0.49900001287460329,"z":1.1200000047683716},"rotation":{"x":0.3859509229660034,"y":-0.08010402321815491,"z":0.033677682280540469,"w":0.918466329574585},"size":2.0489587783813478,"orthographic":false}