{"cameraMode":{"drawMode":0,"name":"Shaded","section":"Shading Mode"},"sceneLighting":true,"audioPlay":false,"sceneViewState":{"showFog":true,"showMaterialUpdate":false,"showSkybox":true,"showFlares":true,"showImageEffects":true,"showParticleSystems":true},"in2DMode":false,"pivot":{"x":8.466442108154297,"y":-1.7347873449325562,"z":-7.365259170532227},"rotation":{"x":-0.34831491112709048,"y":0.04328712448477745,"z":-0.013926967047154904,"w":-0.9370111227035523},"size":33.86789321899414,"orthographic":false}