{"cameraMode":{"drawMode":0,"name":"Shaded","section":"Shading Mode"},"sceneLighting":false,"audioPlay":false,"sceneViewState":{"showFog":true,"showMaterialUpdate":false,"showSkybox":false,"showFlares":true,"showImageEffects":true,"showParticleSystems":true},"in2DMode":false,"pivot":{"x":-11.603994369506836,"y":0.4281799793243408,"z":3.424294948577881},"rotation":{"x":0.04263991117477417,"y":-0.9573810696601868,"z":0.2028736174106598,"w":0.20135752856731416},"size":3.1766517162323,"orthographic":false}