{"cameraMode":{"drawMode":0,"name":"Shaded","section":"Shading Mode"},"sceneLighting":false,"audioPlay":false,"sceneViewState":{"showFog":true,"showMaterialUpdate":false,"showSkybox":false,"showFlares":true,"showImageEffects":true,"showParticleSystems":true},"in2DMode":false,"pivot":{"x":-0.24630999565124513,"y":0.7522478103637695,"z":-0.2704744338989258},"rotation":{"x":-0.025582358241081239,"y":-0.969170868396759,"z":0.11421451717615128,"w":-0.21693187952041627},"size":2.4587981700897219,"orthographic":false}